LipidMaps	KEGG
LMFA08030003	C11839
LMFA08030004	C11841
LMFA08030005	C11842
LMFA08030007	C11845
LMFA08030006	C11844
LMFA08040047	C13829
LMFA01140018	C08366
LMFA03060005	C04805
LMFA01100065	C01092
LMFA03050020	C14771
LMFA02000235	C14828
LMFA01030761	C06428
LMFA01030763	C00712
LMFA03060080	C04742
LMFA03060082	C14748
LMFA03010037	C05961
LMFA02000234	C14829
LMFA02000231	C14767
LMFA02000236	C14762
LMFA03050021	C14769
LMFA03030010	C05963
LMFA03020030	C02165
LMFA01030003	C00219
LMFA01170048	C06104
LMFA02020209	C18699
LMFA07070000	C02301
LMFA08020318	C16952
LMFA08020325	C17827
LMFA03020025	C03577
LMFA01120002	C13958
LMFA03010087	C01312
LMFA03020003	C02166
LMFA01170051	C02656
LMFA02000035	C14762
LMFA07050384	C11945
LMFA07060008	C05750
LMFA01010000	C00162
LMFA07060007	C05748
LMFA11000002	C01387
LMFA11000004	C08374
LMFA07010713	C08453
LMFA07010470	C16995
LMFA07010480	C08486
LMFA07010511	C12290
LMFA07050030	C00332
LMFA01070020	C04867
LMFA07050315	C00882
LMFA07050013	C05263
LMFA01160001	C04218
LMFA01160002	C04465
LMFA01100037	C05715
LMFA07060019	C05762
LMFA01100041	C01826
LMFA07011189	C08774
LMFA05000647	C08402
LMFA11000007	C11271
LMFA07060013	C05755
LMFA01060193	C00349
LMFA01170096	C00846
LMFA01100055	C00430
LMFA05000089	C14273
LMFA03010142	C13802
LMFA03090003	C14810
LMFA03050010	C14775
LMFA01130001	C16241
LMFA03060027	C14779
LMFA01010024	C08320
LMFA01030085	C16526
LMFA00000009	C01255
LMFA01020274	C00141
LMFA01020275	C00671
LMFA01100038	C05717
LMFA11000006	C08388
LMFA03000004	C13843
LMFA05000097	C08375
LMFA01070019	C04834
LMFA01100050	C03284
LMFA01090068	C06755
LMFA01090071	C06614
LMFA01020396	C16794
LMFA01100062	C01037
LMFA05000649	C08447
LMFA08020175	C07597
LMFA08020185	C12111
LMFA07050366	C03724
LMFA01031043	C16525
LMFA03050004	C14772
LMFA03060019	C14807
LMFA03010001	C05961
LMFA03010138	C06476
LMFA03060028	C14780
LMFA01060077	C00022
LMFA01060078	C02217
LMFA03060070	C14812
LMFA01170074	C04655
LMFA01100040	C00431
LMFA07010447	C12292
LMFA03060108	C05356
LMFA03020068	C04741
LMFA01090156	C18241
LMFA01050458	C01053
LMFA01050463	C03197
LMFA01030946	C16654
LMFA07010877	C16184
LMFA07050158	C05262
LMFA07050189	C02154
LMFA07050191	C03345
LMFA07050380	C16336
LMFA04010008	C13818
LMFA01140001	C13838
LMFA03030001	C02198
LMFA03010030	C04707
LMFA01020072	C18319
LMFA01050039	C08317
LMFA06000052	C12307
LMFA01080009	C13947
LMFA05000088	C08385
LMFA02020016	C16318
LMFA01170083	C02504
LMFA10000003	C16319
LMFA01050472	C00900
LMFA01050474	C03826
LMFA05000646	C08470
LMFA07050242	C05269
LMFA07010721	C07874
LMFA07050356	C00510
LMFA07010880	C03425
LMFA01020001	C13787
LMFA03090004	C14811
LMFA01010005	C00803
LMFA01010022	C08281
LMFA01010002	C00033
LMFA06000098	C01838
LMFA01060171	C03341
LMFA01170062	C06201
LMFA03060075	C14815
LMFA03060051	C04577
LMFA03020078	C11361
LMFA08020165	C08396
LMFA08010019	C00579
LMFA07050144	C05272
LMFA07050157	C06000
LMFA07050370	C00091
LMFA07050324	C00527
LMFA07050365	C12450
LMFA07050395	C06737
LMFA01050210	C03049
LMFA08040001	C11695
LMFA03120002	C13812
LMFA05000059	C08492
LMFA03050017	C14782
LMFA02000033	C16342
LMFA01170061	C03981
LMFA07060021	C12348
LMFA01130006	C08276
LMFA02000038	C14826
LMFA02000037	C14825
LMFA01030999	C04002
LMFA03080003	C14769
LMFA08010001	C13831
LMFA03010012	C05962
LMFA01010015	C16537
LMFA01050033	C02774
LMFA01060004	C06255
LMFA05000061	C00823
LMFA07060017	C05759
LMFA07060033	C12360
LMFA07060039	C05749
LMFA02000034	C04717
LMFA02020013	C08482
LMFA01100049	C01205
LMFA01060195	C04575
LMFA01170110	C05840
LMFA01170120	C00036
LMFA12000033	C19263
LMFA12000055	C17145
LMFA08010023	C01136
LMFA06000071	C02278
LMFA01030982	C16648
LMFA07050364	C00100
LMFA07050176	C03221
LMFA01010019	C16535
LMFA03120004	C13814
LMFA01020071	C02632
LMFA01030076	C08367
LMFA01010020	C06425
LMFA01010011	C17715
LMFA01100045	C00716
LMFA02000283	C14825
LMFA03100002	C13808
LMFA07060034	C12361
LMFA06000118	C00232
LMFA01050481	C04115
LMFA05000106	C01390
LMFA01090151	C03918
LMFA05000697	C08458
LMFA07010774	C16752
LMFA07050164	C00683
LMFA07050226	C05668
LMFA01060005	C02233
LMFA03080001	C14771
LMFA01050006	C00989
LMFA03080008	C14813
LMFA02010007	C04780
LMFA02000114	C04785
LMFA01100042	C01933
LMFA07060029	C12356
LMFA07060031	C12358
LMFA01100047	C00407
LMFA01050383	C06006
LMFA01170109	C02214
LMFA08020196	C03623
LMFA07050350	C03460
LMFA01050532	C01934
LMFA12000351	C08397
LMFA01150001	C13798
LMFA01170001	C08278
LMFA02010001	C01226
LMFA03060013	C05965
LMFA03020018	C04853
LMFA07080001	C13825
LMFA03060073	C14823
LMFA06000111	C16343
LMFA01060172	C03508
LMFA02000282	C08368
LMFA03000006	C13843
LMFA01170063	C00490
LMFA07010189	C09861
LMFA12000012	C00741
LMFA08020085	C06866
LMFA07010698	C11514
LMFA07050271	C06749
LMFA07050294	C00540
LMFA07050339	C00827
LMFA11000001	C13834
LMFA03020009	C06462
LMFA01030001	C00219
LMFA01030057	C08362
LMFA06000109	C02373
LMFA03050018	C14814
LMFA02000115	C07338
LMFA01050342	C05984
LMFA02000228	C14762
LMFA02000274	C14766
LMFA02020010	C11512
LMFA07060020	C05763
LMFA03060084	C04805
LMFA01050370	C18067
LMFA01170102	C00666
LMFA07010992	C04780
LMFA01050449	C04471
LMFA01050496	C16649
LMFA01050501	C00659
LMFA08020202	C16255
LMFA07050282	C00894
LMFA07010884	C08487
LMFA01020123	C11950
LMFA03040001	C06314
LMFA03060021	C14824
LMFA01030056	C08362
LMFA01170043	C00042
LMFA06000110	C16310
LMFA08010003	C13846
LMFA01170065	C02167
LMFA01170099	C02226
LMFA01170116	C01732
LMFA11000589	C17433
LMFA12000064	C00810
LMFA01050451	C07355
LMFA01050479	C03217
LMFA01030966	C03666
LMFA07050232	C03069
LMFA05000001	C02277
LMFA03010134	C04741
LMFA01030195	C01771
LMFA05000002	C08381
LMFA01170009	C02678
LMFA01060168	C01092
LMFA05000062	C01633
LMFA07060012	C05754
LMFA07060038	C12365
LMFA08010002	C01842
LMFA11000573	C08376
LMFA01030060	C16536
LMFA08020142	C02722
LMFA07010575	C12293
LMFA05000703	C02498
LMFA01090153	C03585
LMFA01050444	C04593
LMFA01031001	C11354
LMFA07010822	C10320
LMFA07050248	C16216
LMFA11000712	C08464
LMFA01120001	C13800
LMFA03010035	C05953
LMFA03120003	C13813
LMFA01010009	C01601
LMFA02000278	C14834
LMFA05000007	C16873
LMFA11000003	C01816
LMFA01050352	C00418
LMFA02000016	C14765
LMFA01100036	C05520
LMFA07060040	C05764
LMFA03010205	C04835
LMFA01100048	C16439
LMFA01030968	C16653
LMFA03090011	C14770
LMFA01050471	C02780
LMFA13010061	C04719
LMFA07050160	C05266
LMFA07050348	C04348
LMFA07010919	C12289
LMFA06000001	C14390
LMFA07050382	C16328
LMFA12000371	C08461
LMFA03010007	C00696
LMFA03020002	C05952
LMFA03010137	C06475
LMFA01170054	C08261
LMFA03060074	C14749
LMFA07070006	C03299
LMFA01020277	C04181
LMFA01060176	C12027
LMFA07060010	C05752
LMFA07060015	C05757
LMFA07060023	C12350
LMFA05000090	C14272
LMFA12000005	C08379
LMFA01100053	C03665
LMFA10000002	C16320
LMFA01030926	C00682
LMFA05000568	C17144
LMFA12000029	C02948
LMFA12000043	C02845
LMFA07050209	C00356
LMFA07050231	C11949
LMFA07050281	C00024
LMFA03080005	C14771
LMFA12000357	C04606
LMFA03100001	C13807
LMFA03020023	C00909
LMFA02000184	C08365
LMFA01170041	C00383
LMFA02000024	C16326
LMFA02000113	C14831
LMFA01060169	C01110
LMFA01090044	C13949
LMFA01100039	C00334
LMFA07060004	C05745
LMFA07060028	C12355
LMFA02000051	C16316
LMFA01060180	C11419
LMFA01170073	C04797
LMFA12000039	C07287
LMFA01050415	C01107
LMFA06000083	C01948
LMFA05000683	C14218
LMFA12000336	C08451
LMFA01080001	C13792
LMFA03060030	C04742
LMFA01020181	C08262
LMFA01030066	C08363
LMFA01030178	C16527
LMFA01010012	C02679
LMFA02000168	C14835
LMFA06000089	C06123
LMFA01050341	C08285
LMFA02000230	C14829
LMFA07060027	C12354
LMFA04000044	C16513
LMFA12000007	C08394
LMFA05000130	C00756
LMFA01050416	C01143
LMFA05000006	C08392
LMFA01050527	C08314
LMFA08010016	C11106
LMFA07050249	C05267
LMFA07050256	C05261
LMFA01060160	C16322
LMFA02000326	C19418
LMFA01020425	C18206
LMFA01050010	C02804
LMFA01060003	C00164
LMFA02000013	C14832
LMFA01020278	C04237
LMFA01020279	C04834
LMFA01160003	C13842
LMFA03060086	C14776
LMFA01100054	C05145
LMFA12000075	C15499
LMFA01060161	C03273
LMFA01050485	C03045
LMFA01050494	C16651
LMFA08020198	C05944
LMFA07050156	C05268
LMFA07050251	C06715
LMFA04030011	C18178
LMFA03010005	C04685
LMFA07040001	C13823
LMFA03010021	C14717
LMFA06000028	C01545
LMFA01050243	C01089
LMFA03060069	C14778
LMFA02000014	C14833
LMFA05000112	C16834
LMFA05000108	C07328
LMFA05000171	C14509
LMFA03020079	C11361
LMFA01050469	C04104
LMFA01030994	C18202
LMFA07070054	C02862
LMFA03010008	C00584
LMFA03010009	C05956
LMFA03010146	C04654
LMFA01030002	C00712
LMFA01050005	C01089
LMFA08040013	C16512
LMFA01060093	C16309
LMFA01170022	C08260
LMFA02000224	C07354
LMFA02000237	C03195
LMFA00000008	C15989
LMFA01170072	C04324
LMFA08010006	C00248
LMFA06000117	C08499
LMFA02000053	C04672
LMFA01170118	C02170
LMFA07010505	C19238
LMFA03030015	C02198
LMFA07050229	C11936
LMFA07050307	C00877
LMFA07050328	C05270
LMFA03010176	C05959
LMFA01060001	C13945
LMFA02000262	C00869
LMFA02000188	C14767
LMFA01100051	C03401
LMFA03060071	C14820
LMFA02000225	C07355
LMFA02000281	C04594
LMFA03010160	C04686
LMFA12000008	C08386
LMFA05000099	C04433
LMFA11000590	C08393
LMFA01100057	C01602
LMFA09000002	C13832
LMFA12000004	C08380
LMFA13010054	C04103
LMFA01050473	C16850
LMFA05000652	C01349
LMFA08020194	C18232
LMFA07050257	C05260
LMFA07011026	C08546
LMFA07050394	C05276
LMFA04030001	C18179
LMFA03010133	C05955
LMFA01030118	C04056
LMFA01030051	C08322
LMFA01030405	C16533
LMFA01030407	C16534
LMFA07060032	C12359
LMFA01030742	C07289
LMFA01170064	C02123
LMFA00000007	C12889
LMFA08010022	C04424
LMFA07050212	C03561
LMFA07050355	C01944
LMFA07010775	C12306
LMFA12000337	C08445
LMFA12000355	C04485
LMFA03060008	C14822
LMFA02000275	C13791
LMFA03050006	C14773
LMFA03010025	C02314
LMFA03010049	C06438
LMFA01020104	C16462
LMFA03090005	C14808
LMFA03120001	C13810
LMFA01030092	C08323
LMFA01090034	C13948
LMFA01170018	C11002
LMFA01080008	C13946
LMFA01100004	C19325
LMFA05000109	C06142
LMFA12000057	C00207
LMFA01050460	C06010
LMFA01030987	C03087
LMFA01090070	C11149
LMFA01020393	C11515
LMFA13010064	C17614
LMFA07070105	C03017
LMFA07050284	C14143
LMFA01100001	C13795
LMFA03020001	C02165
LMFA03050008	C14774
LMFA03060006	C14776
LMFA01020008	C16665
LMFA01010010	C01571
LMFA01020276	C03467
LMFA06000112	C06123
LMFA07060035	C12362
LMFA03010000	C02064
LMFA02000238	C15988
LMFA01020291	C07185
LMFA01050475	C00204
LMFA05000695	C01844
LMFA01170133	C03453
LMFA07010742	C19318
LMFA07050292	C00136
LMFA01140055	C08282
LMFA07020001	C13822
LMFA03060014	C05966
LMFA03010004	C00696
LMFA03010135	C06439
LMFA03010020	C05958
LMFA01060007	C00902
LMFA06000002	C08497
LMFA06000006	C19249
LMFA01060170	C01180
LMFA07060036	C12363
LMFA01060179	C11405
LMFA03080012	C04849
LMFA01010003	C00163
LMFA07040004	C01770
LMFA01020394	C02930
LMFA01050452	C06007
LMFA07050345	C00083
LMFA07050239	C05265
LMFA07050343	C02050
LMFA03140011	C18173
LMFA03020016	C05950
LMFA01060010	C02129
LMFA01170049	C02360
LMFA07060005	C05746
LMFA07060016	C05758
LMFA08030002	C11837
LMFA02000036	C14767
LMFA07070002	C02838
LMFA12000006	C08377
LMFA01060190	C06002
LMFA01090001	C13793
LMFA01050457	C14463
LMFA07050205	C11947
LMFA03030002	C05963
LMFA03060009	C14748
LMFA03080004	C14770
LMFA03060012	C05356
LMFA03060037	C04822
LMFA01010004	C00246
LMFA06000088	C00517
LMFA01050343	C06762
LMFA01060173	C03656
LMFA01140002	C08321
LMFA07060009	C05751
LMFA07060026	C12353
LMFA12000002	C01875
LMFA01100034	C02356
LMFA03020034	C02645
LMFA01170114	C01036
LMFA01100046	C16436
LMFA05000101	C05979
LMFA11000040	C09666
LMFA01050490	C04349
LMFA01050442	C02225
LMFA07070060	C02571
LMFA07010935	C08446
LMFA01050001	C13790
LMFA03010019	C05957
LMFA03010010	C00427
LMFA01010001	C00249
LMFA01020030	C08279
LMFA01050004	C05984
LMFA01030193	C00511
LMFA01170047	C06035
LMFA02000226	C07357
LMFA01060174	C06761
LMFA07060011	C05753
LMFA02000052	C04785
LMFA01030784	C16461
LMFA01170082	C02220
LMFA07010611	C12294
LMFA02000195	C03042
LMFA01010013	C17076
LMFA03010026	C05960
LMFA01010014	C06424
LMFA01010008	C06423
LMFA08040011	C13828
LMFA03070025	C18177
LMFA02020003	C16317
LMFA02000018	C16321
LMFA01030756	C16344
LMFA01170066	C01061
LMFA03010206	C04758
LMFA01170075	C04529
LMFA08020193	C06551
LMFA01050427	C11849
LMFA08020169	C06940
LMFA07040067	C03107
LMFA05000563	C18011
LMFA01030923	C08364
LMFA01170002	C16308
LMFA01010006	C01585
LMFA02020001	C08491
LMFA07030001	C13845
LMFA03010036	C05959
LMFA01060008	C02122
LMFA01050051	C18218
LMFA03080007	C14781
LMFA01060191	C03824
LMFA02000012	C14827
LMFA01100035	C02378
LMFA07060018	C05760
LMFA07060037	C12364
LMFA11000005	C08384
LMFA01170071	C03676
LMFA03070034	C18176
LMFA05000693	C08553
LMFA01050454	C02488
LMFA01050476	C00684
LMFA04010007	C13819
LMFA03060001	C04742
LMFA03010002	C00639
LMFA03010031	C04671
LMFA01010007	C17714
LMFA05000003	C08387
LMFA01170006	C08277
LMFA01020280	C06008
LMFA02000229	C14828
LMFA07060006	C05747
LMFA07060024	C12351
LMFA07060025	C12352
LMFA12000003	C01949
LMFA01140008	C12103
LMFA13020004	C18191
LMFA01170121	C00322
LMFA08020084	C12271
LMFA12000020	C00466
LMFA08020140	C12272
LMFA01050453	C04272
LMFA01050486	C01216
LMFA05000566	C07288
LMFA13010041	C08561
LMFA01060167	C16311
LMFA03060007	C14777
LMFA03010003	C00584
LMFA03010018	C05954
LMFA03010080	C06872
LMFA01060002	C00109
LMFA01030455	C08459
LMFA03110010	C14794
LMFA03060072	C14821
LMFA01030357	C16300
LMFA02000227	C08318
LMFA07060014	C05756
LMFA01170077	C02480
LMFA01090150	C12833
LMFA05000100	C14710
LMFA08020166	C12099
LMFA07050331	C00630
LMFA07050347	C05989
LMFA07010001	C13821
LMFA03090002	C14809
LMFA03030004	C05964
LMFA03080002	C14768
LMFA03020006	C05951
LMFA03040002	C06315
LMFA03010131	C00959
LMFA01050015	C06103
LMFA02000154	C14762
LMFA01060091	C02367
LMFA01170052	C05601
LMFA02000273	C08319
LMFA01100043	C02261
LMFA02020009	C08490
LMFA07060022	C12349
LMFA07060030	C12357
LMFA01140007	C12100
LMFA01050402	C03264
LMFA01090152	C12835
LMFA02000287	C08318
LMFA03110001	C13809
LMFA01090146	C19212
LMFA01050483	C02630
LMFA07050393	C05271
LMFA07050378	C03221
LMFA03060002	C04805
LMFA01030089	C08316
LMFA03060011	C14732
LMFA12000354	C04486
LMFA05000658	C08449
LMFA05000689	C08450
LMFA03010100	C05953
LMFA03020024	C05949
LMFA08020168	C10944
LMFA03010154	C14795
LMFA08020419	C00864
LMFA01030289	C16536
LMFA01030073	C01712
LMFA01030077	C08367
LMFA01010018	C01530
LMFA07050000	C00040
LMFA05000096	C08378
LMFA01030146	C08364
LMFA01030760	C12083
LMFA01030378	C16522
LMFA01030158	C03242
LMFA01030185	C06429
LMFA07050302	C02944
LMFA07050340	C01832
LMFA07050352	C02593
LMFA07050360	C00154
LMFA07050396	C05273
LMFA07050060	C02050
LMFA07050369	C00412
LMFA07050372	C16529
LMFA07050313	C05274
LMFA07050375	C05279
LMFA07050391	C05275
LMFA07050117	C14145
LMFA07050185	C07343
LMFA07050222	C05998
LMFA07050288	C02249
LMFA07050297	C11946
LMFA07050303	C06736
LMFA07050336	C02939
LMFA07050381	C16332
LMFA07050388	C03231
LMFA07070003	C02862
LMFA07070004	C02990
LMFA07070005	C03017
LMFA05000092	C14696
LMFA03140003	C18171
LMFA01030141	C06426
LMFA01030152	C06427
LMFA01030147	C08315
LMFA01030120	C01595
LMFA01030759	C06428
LMFA02020207	C08558
LMFA01030169	C16300
LMGL0501AG00	C13508
LMGL0501AA00	C03692
LMGL02010000	C00641
LMGL0501AC00	C04872
LMGL0401AA00	C04315
LMGL02020001	C13862
LMGL0501AD00	C06037
LMGL03010000	C00422
LMGL0501AE00	C06038
LMGL0501AB00	C04046
LMGL0501AF00	C06040
LMGL02020000	C03201
LMGL02010321	C16667
LMGL01010023	C13856
LMGL02010006	C13861
LMGL02040001	C13864
LMGL01010008	C13854
LMGL01010000	C01885
LMGP10010000	C00416
LMGP01050000	C04230
LMGP10050000	C00681
LMGP04010000	C00344
LMGP0205AA00	C05973
LMGP0201AB00	C04308
LMGP10050042	C00416
LMGP12010000	C05980
LMGP06010966	C00626
LMGP01050141	C04230
LMGP02010000	C00350
LMGP0105AA00	C04233
LMGP0305AA00	C05974
LMGP02050000	C04438
LMGP01060014	C04317
LMGP1005AA00	C03974
LMGP0201AA00	C01241
LMGP06010000	C01194
LMGP05010000	C03892
LMGP13050000	C02255
LMGP01050144	C04230
LMGP03010000	C02737
LMGP10050041	C04036
LMGP13010000	C00269
LMGP10050044	C00416
LMGP10040005	C04638
LMGP13040001	C18059
LMGP01010000	C00157
LMGP00000063	C01192
LMGP01050138	C04230
LMGP01050139	C04230
LMGP01050142	C04230
LMGP01050143	C04230
LMGP10050043	C00416
LMGP01050140	C04230
LMGP10060002	C04590
LMSP01060001	C03640
LMSP05010031	C03108
LMSP0501AC00	C02686
LMSP02050000	C02960
LMSP03010000	C00550
LMSP07000001	C01747
LMSP0501AA00	C01190
LMSP01050001	C06124
LMSP06020009	C06125
LMSP06020002	C06125
LMSP01030001	C12144
LMSP04000000	C05681
LMSP01080023	C19242
LMSP0501AB00	C01290
LMSP06020000	C06125
LMSP02010000	C00195
LMSP06020015	C06125
LMSP0601AA00	C06128
LMSP01010002	C06121
LMSP0509AA00	C06126
LMSP06020010	C06125
LMSP0602AM00	C06127
LMSP01010001	C00319
LMSP03020000	C06062
LMSP02020000	C12126
LMSP01050002	C01120
LMSP01020001	C00836
LMSP01020002	C02934
LMSP02010001	C13916
LMSP01040001	C13915
LMSP02040001	C13918
LMSP01070001	C13914
LMSP08000002	C02744
LMST05020004	C05468
LMST01010428	C08811
LMST02030130	C13712
LMST01140001	C08814
LMST04010057	C17650
LMST01010146	C15519
LMST01010090	C01802
LMST01010144	C05502
LMST04030166	C15520
LMST04010041	C17646
LMST04010067	C17726
LMST04010065	C17727
LMST01020036	C02681
LMST04030149	C17337
LMST01160020	C08842
LMST02030134	C18040
LMST01100001	C08830
LMST01100008	C01902
LMST02020017	C14475
LMST02020068	C05291
LMST05010016	C11246
LMST05010018	C11289
LMST02020066	C05284
LMST02020120	C14256
LMST04010088	C17644
LMST01160016	C08635
LMST01030101	C01943
LMST01010201	C05500
LMST05050028	C11237
LMST01010173	C03855
LMST01130007	C08880
LMST01120015	C08862
LMST01080008	C04716
LMST01120022	C01443
LMST01080006	C08885
LMST01080053	C08897
LMST01130005	C08879
LMST02030185	C11825
LMST02030168	C05498
LMST02030098	C05470
LMST02030146	C05479
LMST05010008	C05504
LMST05010020	C03033
LMST01080113	C17042
LMST04010113	C17657
LMST04010033	C07880
LMST04030114	C17339
LMST02010031	C03935
LMST02020071	C05296
LMST02030096	C03588
LMST02030141	C05487
LMST02030145	C18039
LMST01100011	C02141
LMST02020101	C18045
LMST01080014	C08902
LMST02030264	C05484
LMST02030087	C03205
LMST02030275	C05474
LMST02030292	C14598
LMST02030290	C15368
LMST02030289	C14478
LMST01130023	C16923
LMST04010092	C17737
LMST01010057	C15610
LMST01040144	C11523
LMST02030126	C12888
LMST01120016	C08848
LMST01010206	C05439
LMST01130025	C17072
LMST04010039	C07880
LMST01010069	C01164
LMST03020013	C18230
LMST02020052	C07632
LMST01030135	C15780
LMST02010028	C14209
LMST02030121	C08176
LMST02030103	C07004
LMST01010172	C02513
LMST04010034	C17660
LMST02010004	C00468
LMST02020007	C00280
LMST01040145	C08821
LMST02020067	C05290
LMST01020008	C15441
LMST02030147	C14677
LMST04030168	C15518
LMST04030157	C17336
LMST01120012	C08861
LMST01140002	C11049
LMST02030167	C05485
LMST02030179	C07369
LMST01010205	C03091
LMST01010149	C11455
LMST01031291	C16874
LMST05050024	C16841
LMST01010017	C01724
LMST03020001	C05443
LMST02030001	C00735
LMST04010254	C17651
LMST01030115	C15777
LMST01010096	C03845
LMST01090001	C04715
LMST02030088	C01953
LMST02020057	C03027
LMST01010113	C08803
LMST01010197	C05110
LMST02030181	C04108
LMST04030164	C01301
LMST02030204	C05471
LMST01010341	C17891
LMST05010012	C11134
LMST02030132	C13713
LMST05020003	C03642
LMST02020123	C14552
LMST02020124	C18075
LMST02020125	C14600
LMST02020126	C05285
LMST02020130	C14269
LMST04030123	C05455
LMST02030128	C13358
LMST01010114	C08804
LMST01010121	C05107
LMST01010243	C05416
LMST01010556	C08838
LMST01010561	C16494
LMST01010352	C15337
LMST04010003	C03990
LMST04030112	C05451
LMST04030035	C05454
LMST02030093	C02821
LMST02020059	C04373
LMST02030173	C15484
LMST02030176	C07119
LMST01031018	C04084
LMST02030186	C02140
LMST05030004	C11301
LMST04010036	C17664
LMST04030014	C05446
LMST01030096	C01789
LMST01030099	C15781
LMST01040129	C01753
LMST01010086	C05502
LMST02030125	C12811
LMST01010107	C08797
LMST02030143	C05472
LMST05020016	C18043
LMST01040151	C03910
LMST04030162	C05445
LMST01040153	C08816
LMST01080007	C03963
LMST01120023	C06956
LMST04010040	C04483
LMST01010088	C06340
LMST01030122	C15785
LMST02020074	C08156
LMST01010104	C08794
LMST01010115	C08805
LMST04030170	C17331
LMST01031014	C04416
LMST01031016	C15784
LMST02030174	C00892
LMST01090002	C04859
LMST02030171	C06391
LMST01010208	C04453
LMST01010011	C15992
LMST01010066	C05437
LMST02010032	C05298
LMST01010111	C08801
LMST05010009	C11131
LMST05010011	C11133
LMST05020017	C16261
LMST02030163	C03207
LMST01120017	C08866
LMST05010027	C04806
LMST01010384	C15633
LMST04010044	C17687
LMST04010224	C15375
LMST04030081	C06341
LMST04030135	C05458
LMST02020044	C14490
LMST01130001	C16922
LMST02020018	C14502
LMST01010175	C04840
LMST01070030	C08912
LMST05010055	C03033
LMST01010018	C15519
LMST03020246	C01561
LMST04030173	C16260
LMST05030005	C15559
LMST02020081	C01618
LMST05020020	C02822
LMST05020014	C18044
LMST04030234	C05448
LMST02010043	C02538
LMST01010012	C15632
LMST01030100	C11522
LMST01030095	C04525
LMST03030001	C18192
LMST05010017	C11288
LMST05020007	C08359
LMST01010174	C03238
LMST01120014	C08874
LMST01010195	C08835
LMST02010044	C07254
LMST01010204	C11509
LMST01010098	C12978
LMST02010026	C14392
LMST02010037	C07619
LMST02030091	C01124
LMST01010124	C01943
LMST02030148	C14654
LMST02030164	C06392
LMST02020001	C00523
LMST04010245	C15569
LMST04010101	C17668
LMST01010105	C08795
LMST02020058	C03772
LMST02030119	C08149
LMST05010007	C05503
LMST01120013	C08858
LMST01010207	C04530
LMST01010209	C02633
LMST04030163	C08127
LMST01040255	C08817
LMST05040001	C05122
LMST01010013	C03594
LMST04010220	C11637
LMST03020258	C01673
LMST02010029	C02537
LMST02010039	C12859
LMST05010019	C11346
LMST02030160	C04379
LMST01120019	C08882
LMST01130006	C08868
LMST02020064	C05139
LMST01120010	C08877
LMST02030177	C07120
LMST01010210	C00477
LMST01080019	C16819
LMST01080038	C08909
LMST04030020	C05444
LMST02020005	C04295
LMST01010093	C00187
LMST04030113	C05453
LMST04010241	C15568
LMST02020063	C04844
LMST01010103	C08793
LMST05020018	C16259
LMST01010194	C08819
LMST01120021	C08876
LMST05010026	C04300
LMST02030127	C13037
LMST05020010	C04555
LMST02020061	C04676
LMST02020065	C05140
LMST02030100	C05476
LMST05020006	C08358
LMST02030162	C00891
LMST01010203	C04814
LMST02020085	C00674
LMST01010016	C01802
LMST02020012	C14493
LMST02020029	C07198
LMST04030176	C05499
LMST01010200	C05501
LMST02030182	C03748
LMST05020001	C04555
LMST01010019	C13550
LMST04010107	C17667
LMST01030114	C08813
LMST01040123	C05442
LMST01010052	C05425
LMST02010027	C05301
LMST05040003	C02592
LMST02030161	C01176
LMST02030170	C03681
LMST02010047	C14383
LMST01010002	C15519
LMST01020030	C14641
LMST04010102	C17654
LMST02010003	C05141
LMST02020069	C05293
LMST02020006	C14631
LMST02020056	C01554
LMST01010108	C08798
LMST01010112	C08802
LMST01010116	C08806
LMST05020005	C08357
LMST05010014	C11136
LMST01010182	C16495
LMST01040152	C08810
LMST01120020	C08843
LMST02030180	C07370
LMST01031026	C08823
LMST01160018	C08842
LMST03010001	C05441
LMST04030001	C04722
LMST04010049	C17661
LMST03020222	C07711
LMST01010106	C08796
LMST01010109	C08799
LMST02010007	C14303
LMST02020042	C03917
LMST02020075	C08157
LMST02030104	C07629
LMST01080004	C08896
LMST02030175	C05480
LMST01150015	C10827
LMST02030183	C04518
LMST01080010	C08899
LMST02020062	C04793
LMST04010001	C00695
LMST04010032	C02528
LMST04010035	C17662
LMST05010010	C11132
LMST02030152	C03965
LMST02030166	C05489
LMST05030006	C05464
LMST01120011	C08856
LMST01080037	C08898
LMST01010001	C00187
LMST01010010	C05418
LMST01030098	C08813
LMST01150007	C06543
LMST02010038	C11228
LMST02020105	C14210
LMST05030008	C05466
LMST02020110	C15377
LMST05030001	C01921
LMST04010301	C16258
LMST01030097	C01789
LMST02030118	C08151
LMST02030129	C13422
LMST02030089	C05138
LMST01010110	C08800
LMST01031017	C08829
LMST02020086	C14606
LMST01031020	C11508
LMST05030014	C14594
LMST01040126	C08840
LMST01030093	C01694
LMST01010087	C05109
LMST02030086	C05488
LMST02010036	C07534
LMST02030026	C01780
LMST01020005	C11251
LMST02020087	C14671
LMST02030159	C00410
LMST01120018	C06955
LMST01100010	C11513
LMST02010048	C14441
LMST05010066	C03033
LMST04030109	C05452
LMST01040130	C08836
LMST02030097	C05028
LMST02030090	C00762
LMST02020002	C00535
LMST02030095	C05469
LMST05010013	C11135
LMST02020083	C05297
LMST02030184	C03747
LMST02020021	C01227
LMST02030124	C12724
LMST01010167	C15816
LMST01031015	C05440
LMST01080005	C08913
LMST02030165	C08837
LMST01031019	C15776
LMST01130026	C16962
LMST04010106	C13154
LMST02020053	C12525
LMST02020054	C14497
LMST02030123	C12656
LMST01080034	C08890
LMST01080045	C08918
LMST01010015	C00599
LMST02010001	C00951
LMST01020003	C14641
LMST02020023	C07635
LMST02010033	C05299
LMST02010035	C05302
LMST02020076	C08158
LMST02030120	C08173
LMST02010041	C05300
LMST02030172	C06390
LMST01010198	C08834
LMST02030122	C08186
LMST01130032	C16931
LMST04030107	C17332
LMST02020070	C05294
LMST02020145	C05295
LMST01010176	C05108
LMST01010184	C16500
LMST01010202	C05103
LMST01100009	C08920
LMST02020084	C02197
LMST01010179	C16493
LMST01080009	C08914
LMST02030227	C05481
LMST02030228	C05482
LMST01120034	C08854
LMST01160017	C08841
LMST01120046	C08855
LMST01120051	C08849
LMST01120054	C08883
LMST01010094	C08825
LMST01040133	C08839
LMST01010089	C01189
LMST03010028	C08211
LMST05050066	D01221
LMST04010066	C17647
LMST04010064	C17649
LMST04010004	C17658
LMST04010025	C15515
LMST04030019	C16890
LMST02010040	C13077
LMST05030009	C15557
LMST05040005	C05465
LMST05040010	C15516
LMST05040015	C16868
LMST03020257	C12919
LMPR0103540004	C09570
LMPR0102090026	C09898
LMPR0104010020	C08588
LMPR0106250001	C08965
LMPR0102090024	C09885
LMPR01070166	C15914
LMPR01040119	C09189
LMPR01020138	C01512
LMPR0102090037	C11412
LMPR0106080011	C08946
LMPR0106080015	C08944
LMPR0102090047	C12302
LMPR0102010008	C09849
LMPR0104170013	C11856
LMPR0102120019	C09906
LMPR0102070004	C06070
LMPR03080011	C01191
LMPR0106150009	C08932
LMPR0106150003	C08964
LMPR01090051	C11061
LMPR03080014	C01246
LMPR01070088	C08613
LMPR0106010044	C16144
LMPR0106010041	C16146
LMPR01070403	C15858
LMPR0106010065	C16147
LMPR01070444	C16274
LMPR01070457	C16275
LMPR01070477	C16270
LMPR01070483	C16271
LMPR01070492	C16278
LMPR01070490	C16277
LMPR01070514	C15860
LMPR01070535	C15940
LMPR01070538	C15861
LMPR01070540	C15941
LMPR01070543	C15935
LMPR01070550	C15937
LMPR01070583	C15942
LMPR01070622	C16280
LMPR0102120016	C09859
LMPR0102070026	C11657
LMPR0104170026	C11869
LMPR0104170029	C11905
LMPR0104540002	C07602
LMPR01090007	C05919
LMPR0103650003	C12142
LMPR01090060	C16683
LMPR01070273	C08599
LMPR0102090009	C02485
LMPR0106010003	C03428
LMPR0102090029	C09908
LMPR02020057	C14155
LMPR0103190014	C09723
LMPR0103010012	C03461
LMPR0102070008	C09776
LMPR0102070011	C09785
LMPR0102070022	C11651
LMPR0106110001	C08771
LMPR01070114	C15870
LMPR01070154	C15885
LMPR01070120	C15898
LMPR0102090028	C09902
LMPR0102070033	C11668
LMPR0104390001	C07394
LMPR0103190003	C09538
LMPR0104330001	C09155
LMPR01070275	C08602
LMPR01070104	C16284
LMPR03030004	C03543
LMPR0103010009	C16689
LMPR0103010013	C03220
LMPR0106150031	C08947
LMPR01090055	C16680
LMPR0104170011	C11854
LMPR0102090005	C00964
LMPR0102120007	C02759
LMPR0102090020	C18025
LMPR0102090031	C11396
LMPR0102090042	C11937
LMPR01070113	C15892
LMPR01070115	C15874
LMPR01070295	C15857
LMPR0104170036	C06096
LMPR02010037	C02185
LMPR0106140005	C08618
LMPR0102120005	C02344
LMPR0102070019	C11646
LMPR0102070021	C11650
LMPR0104170018	C11861
LMPR01090006	C05918
LMPR01070253	C03427
LMPR0106170001	C08615
LMPR03030010	C04507
LMPR03020006	C00348
LMPR0104170025	C11868
LMPR0104170020	C11863
LMPR0102120011	C06304
LMPR0102090021	C09875
LMPR0103090003	C09388
LMPR0104030001	C06089
LMPR01070277	C08605
LMPR0103590002	C09688
LMPR01070134	C16282
LMPR01070149	C15895
LMPR0104030008	C18223
LMPR0103010023	C03115
LMPR01070299	C05414
LMPR0104130002	C06090
LMPR0103010001	C01126
LMPR0106200009	C16973
LMPR03020001	C17556
LMPR01070269	C08591
LMPR0103090002	C07609
LMPR0102090015	C07271
LMPR0102090032	C11397
LMPR0102070017	C09804
LMPR0103090007	C09672
LMPR0104170004	C02035
LMPR0104050004	C11889
LMPR0104080004	C18228
LMPR01070300	C08596
LMPR0106150010	C08950
LMPR0103690007	C09631
LMPR0102120049	C01868
LMPR02030031	C01303
LMPR0102070013	C09791
LMPR04000001	C06310
LMPR0102090025	C09893
LMPR0102090044	C11952
LMPR0102070016	C09802
LMPR0103180002	C09747
LMPR01090022	C15493
LMPR01070016	C15968
LMPR02020056	C14156
LMPR0103050004	C13455
LMPR0102090063	C02904
LMPR02010044	C05313
LMPR02010004	C01967
LMPR0103070001	C17065
LMPR0103540001	C09529
LMPR0103330002	C07667
LMPR0102010007	C09848
LMPR0102090027	C09900
LMPR0102090038	C11413
LMPR0102090039	C11415
LMPR0106100002	C11047
LMPR01070136	C15878
LMPR0102090064	C00848
LMPR0106110002	C08778
LMPR0102120024	C11940
LMPR0104290001	C01414
LMPR0104170016	C11859
LMPR0104010003	C11356
LMPR01090003	C02110
LMPR0102060001	C09842
LMPR01090021	D00348
LMPR0106150006	C08952
LMPR0104170039	C02034
LMPR0102010016	C01500
LMPR03070004	C00381
LMPR0104030002	C11901
LMPR0102090006	C01123
LMPR0102120013	C06307
LMPR0103410002	C09633
LMPR0103010004	C09694
LMPR01070123	C16340
LMPR01070140	C15888
LMPR01070165	C15911
LMPR01070087	C15867
LMPR03010007	C01968
LMPR0104390003	C11895
LMPR02010043	C05200
LMPR0102010013	C11388
LMPR0102090034	C11399
LMPR0102090040	C11416
LMPR0102120014	C09837
LMPR0104050001	C06087
LMPR0102070015	C09801
LMPR0102120009	C03190
LMPR0102070023	C11652
LMPR0102070010	C09783
LMPR0106150015	C08616
LMPR01090017	C16681
LMPR01070293	C14044
LMPR0104080006	C18225
LMPR0104170033	C04070
LMPR03030006	C04216
LMPR02030029	C02785
LMPR0102090058	C11402
LMPR0103410006	C09675
LMPR01090001	C00473
LMPR0102090010	C02576
LMPR0102090030	C11395
LMPR0102090045	C12300
LMPR0102070035	C11670
LMPR0104050003	C11880
LMPR01070266	C08586
LMPR01070086	C05431
LMPR01070139	C15887
LMPR01070096	C15967
LMPR0106080001	C08621
LMPR0102110002	C09904
LMPR0103050008	C11060
LMPR0104050012	C12077
LMPR0102120020	C11338
LMPR0103330001	C06394
LMPR01010001	C00235
LMPR0102010011	C11384
LMPR0102120023	C11939
LMPR0102120008	C03037
LMPR0102010009	C09863
LMPR0104170005	C03579
LMPR0104170021	C11864
LMPR0104170030	C12308
LMPR0104390006	C11898
LMPR01070282	C08614
LMPR01070262	C08579
LMPR0102120030	C14515
LMPR0103110002	C16829
LMPR0104010015	C02982
LMPR0102090062	C06075
LMPR0103690006	C09630
LMPR0102120021	C11382
LMPR0102090004	C00843
LMPR0102090019	C09844
LMPR04000002	C06309
LMPR02010002	C17568
LMPR0102070012	C09788
LMPR0102070028	C11659
LMPR0104170024	C11867
LMPR01070258	C05433
LMPR0102120003	C01765
LMPR01070276	C08603
LMPR03030008	C04574
LMPR0102060022	C09894
LMPR02030030	C03313
LMPR0102090061	C09854
LMPR0102120045	C03037
LMPR0102090003	C00553
LMPR0102010005	C06074
LMPR0102010006	C09847
LMPR0104190002	C11893
LMPR0103050010	C15514
LMPR0104010004	C01607
LMPR0104390004	C11896
LMPR0102090001	C00400
LMPR0102120006	C02462
LMPR0102070001	C01433
LMPR01070138	C15886
LMPR03030005	C01230
LMPR0102090059	C11414
LMPR0103800003	C09720
LMPR01010009	C11811
LMPR03090023	C00621
LMPR0106150011	C03930
LMPR03030011	C18321
LMPR0102010021	C09873
LMPR0104010002	C01389
LMPR0104170022	C11865
LMPR0104190001	C09140
LMPR0102090016	C07276
LMPR0102010010	C09871
LMPR0104030003	C11902
LMPR01070151	C15905
LMPR0103590001	C09687
LMPR0104080007	C18211
LMPR0104010016	C02117
LMPR0104080002	C18015
LMPR0102090033	C11398
LMPR01090054	C16679
LMPR0102010012	C11386
LMPR0102120001	C00809
LMPR0103410001	C09561
LMPR0104170015	C11858
LMPR01090019	C00777
LMPR01070091	C16291
LMPR01070183	C15919
LMPR01070030	C08601
LMPR0104050007	C11879
LMPR0106150014	C02283
LMPR0104080009	C18222
LMPR0102060023	C02213
LMPR03080015	C00110
LMPR0102090035	C11400
LMPR0102010014	C12295
LMPR0106150037	C08972
LMPR02010001	C11378
LMPR0102090018	C09841
LMPR0102090022	C09877
LMPR0102070034	C11669
LMPR0104170001	C00859
LMPR0104170012	C11855
LMPR0104540003	C07603
LMPR0104080001	C11877
LMPR01070257	C05432
LMPR01070135	C15877
LMPR01070119	C15900
LMPR01070290	C08606
LMPR02020054	C14153
LMPR01070294	C14045
LMPR0104050008	C11883
LMPR0103330006	C09938
LMPR0104330004	C09143
LMPR0102090060	C03962
LMPR01090052	C03455
LMPR0102090065	C03092
LMPR0103110001	C09684
LMPR0102120015	C09839
LMPR01070097	C15966
LMPR01070256	C05430
LMPR01070163	C15908
LMPR01070118	C15859
LMPR0102060004	C16780
LMPR0104030004	C09076
LMPR0103270003	C02004
LMPR0104010017	C05427
LMPR02010045	C13425
LMPR0103180001	C01860
LMPR0102070031	C11666
LMPR0104010001	C00353
LMPR01090002	C00376
LMPR0102070032	C11667
LMPR0103420001	C09523
LMPR0103330003	C09625
LMPR0104170017	C11860
LMPR0104390002	C11894
LMPR01090005	C00899
LMPR01070263	C08580
LMPR0106130001	C08628
LMPR0106100001	C08748
LMPR0106210001	C06083
LMPR01070164	C15910
LMPR01070209	C08608
LMPR0104030007	C18224
LMPR02010036	C03226
LMPR0103050005	C15971
LMPR0102070037	C09777
LMPR0102070005	C06071
LMPR0103060001	C09621
LMPR0104170002	C01699
LMPR0104170010	C11853
LMPR0102090002	C00521
LMPR0103090004	C09403
LMPR01070261	C06098
LMPR0103550001	C09628
LMPR03020005	C16157
LMPR0102120042	C02952
LMPR0103250002	C09627
LMPR0103420002	C09291
LMPR0106010010	C01054
LMPR02020066	C14151
LMPR0106180006	C08636
LMPR01070254	C05413
LMPR0102010001	C00341
LMPR0102090041	C11924
LMPR0102070027	C11658
LMPR0103190002	C02771
LMPR0104170008	C06095
LMPR0104390005	C11897
LMPR01070162	C15907
LMPR01070182	C16347
LMPR0104470001	C09057
LMPR0103640001	C09622
LMPR01070291	C13431
LMPR0102060005	C16781
LMPR01070150	C15902
LMPR01070043	C08601
LMPR0102090046	C12301
LMPR0103410003	C09499
LMPR01070137	C15879
LMPR01070268	C08590
LMPR0103480003	C09682
LMPR0103620002	C09701
LMPR01070297	C06734
LMPR0103090013	C09290
LMPR0104170040	C06093
LMPR01090026	C16678
LMPR0102070002	C01852
LMPR0102070024	C11653
LMPR0103120002	C09691
LMPR02010005	C17569
LMPR0103010005	C09704
LMPR0102090008	C02452
LMPR0102090017	C09840
LMPR0104170023	C11866
LMPR0106010002	C00751
LMPR01070284	C13433
LMPR0104010008	C05427
LMPR0103800002	C09719
LMPR0104170014	C11857
LMPR02010042	C05802
LMPR0103190004	C09545
LMPR0102070009	C09782
LMPR0102070014	C09792
LMPR01010008	C00129
LMPR0102090014	C06575
LMPR0102090043	C11951
LMPR0102070006	C09771
LMPR01070271	C08594
LMPR0103330004	C09680
LMPR01070122	C15881
LMPR0103060004	C16814
LMPR01070298	C06733
LMPR0102120043	C02108
LMPR0106180007	C08988
LMPR01090047	C15492
LMPR03020008	C02970
LMPR01070280	C08610
LMPR0106090002	C08624
LMPR0103060003	C09668
LMPR0103050003	C02293
LMPR0103190013	C09289
LMPR0103410007	C09676
LMPR0102120048	C03448
LMPR0103050011	C15970
LMPR04000003	C08627
LMPR0103120001	C09629
LMPR0104170007	C06094
LMPR0104170019	C11862
LMPR0104050005	C12078
LMPR0105050001	C09145
LMPR0102010002	C02569
LMPR0103010003	C06111
LMPR0102120004	C01766
LMPR01070132	C16145
LMPR0104050006	C11882
LMPR0104160002	C11890
LMPR02020055	C14154
LMPR0102090054	C18027
LMPR02030028	C02059
LMPR03030007	C04145
LMPR02020001	C02477
LMPR01090025	C16677
LMPR0103010002	C00448
LMPR0102070020	C11648
LMPR0102070036	C11671
LMPR01070259	C05434
LMPR01070226	C04146
LMPR0102120031	C09859
LMPR0103060013	C16775
LMPR03030009	C04509
LMPR0103010010	C16826
LMPR0104080010	C09118
LMPR0106150012	C02943
LMPR01070267	C08587
LMPR0102010015	C12298
LMPR0102010003	C01499
LMPR0102090007	C01767
LMPR0102020001	C04435
LMPR0102090023	C09884
LMPR0102090036	C11401
LMPR0102120025	C11941
LMPR01070060	C08592
LMPR01070121	C15903
LMPR01070048	C08585
LMPR0103860001	C09740
LMPR0104010009	C09094
LMPR0102010017	C18052
LMPR0104350003	C18229
LMPR0104050009	C11886
LMPR0103050009	C02533
LMPR03020007	C02970
LMPR01070001	C02094
LMPR0104170027	C11870
LMPR0106130002	C08630
LMPR0102090013	C06099
LMPR01070255	C05421
LMPR01090009	C16682
LMPR01070206	C08607
LMPR01070185	C15933
LMPR0104080003	C18016
LMPR0104120001	C18226
LMPR0102090056	C01951
LMPR0104120002	C09171
LMPR0105010014	C04217
LMPR01070706	C08609
LMPR0102070056	C09780
LMPR0102010030	C17621
LMPR0102010029	C17622
LMPR0102070057	C09786
LMPR0102070058	C09781
LMPR0102070060	C16965
LMPR0102120022	C11938
LMPR0102070025	C11656
LMPR0102070030	C11663
LMPR0103060002	C09750
LMPR0104050002	C11878
LMPR01070264	C08583
LMPR01090013	C02588
LMPR01070153	C15884
LMPR01070098	C15965
LMPR0104010010	C13273
LMPR01070260	C05435
LMPR0102070007	C09773
LMPR0103090039	C09402
LMPR0102120012	C06306
LMPR0102070029	C11662
LMPR0103190001	C02206
LMPR0104170028	C11871
LMPR0104540004	C07604
LMPR01070274	C08601
LMPR0104330002	C05151
LMPR0102060019	C18051
LMPR0103330005	C16028
LMPR0104080008	C18221
LMPR0106140004	C08619
LMPR02020065	C02483
LMPR01070897	C15981
LMPR01070124	C15943
LMPR01070103	C15928
LMPR01070011	C05433
LMPR0106180014	C16939
LMPR0106150004	C17148
LMPR01070576	C16279
LMPR0104540001	C07601
LMPR01071054	C08589
LMPR0104030010	C09183
LMPR0102070018	C11645
LMPR01070265	C08584
LMPR01070281	C08611
LMPR0106150070	C08931
LMSL01010001	C11521
LMSL01010002	C00043
LMPK15050006	C10342
LMPK15050007	C10373
LMPK15050009	C10399
LMPK04000034	C11993
LMPK04000004	C01457
LMPK13120001	C07578
LMPK09000036	C15689
LMPK12120181	C08724
LMPK13040008	C10343
LMPK12050013	C10216
LMPK13040018	C10402
LMPK13040023	C17810
LMPK13040027	C17670
LMPK13040028	C17045
LMPK12140333	C09830
LMPK12112009	C17555
LMPK12050096	C16195
LMPK12050014	C10509
LMPK12110194	C01460
LMPK12010372	C12140
LMPK12050005	C10524
LMPK12050166	C09126
LMPK12111081	C10025
LMPK12140451	C09755
LMPK12140236	C09793
LMPK12110207	C10181
LMPK12112094	C12667
LMPK12110338	C01714
LMPK12010016	C12137
LMPK12110213	C12628
LMPK12110470	C10114
LMPK12110814	C10039
LMPK12140235	C09789
LMPK12112098	C05625
LMPK12010349	C12139
LMPK12140359	C09805
LMPK12110469	C01821
LMPK12111725	C12249
LMPK12140717	C08717
LMPK12140720	C00974
LMPK12140721	C01617
LMPK12113405	C02906
LMPK12010452	C08620
LMPK12140050	C09318
LMPK12010139	C12095
LMPK12010283	C16312
LMPK13120004	C06972
LMPK12010015	C08725
LMPK12112729	C04443
LMPK12010128	C12646
LMPK12112111	C10175
LMPK12140277	C09832
LMPK12010099	C08612
LMPK12140378	C16422
LMPK12070033	C10538
LMPK14000002	C01895
LMPK14000006	C06854
LMPK04000005	C01754
LMPK12110990	C12629
LMPK12010052	C08723
LMPK12020267	C09636
LMPK12050415	C10465
LMPK12060070	C10525
LMPK12110685	C04900
LMPK13010001	C01839
LMPK12090007	C10523
LMPK12111330	C10197
LMPK12020236	C09760
LMPK12050104	C14536
LMPK12100072	C10505
LMPK12080024	C10507
LMPK12050100	C10199
LMPK13040001	C07606
LMPK12140355	C05334
LMPK12140449	C09756
LMPK13090037	C10259
LMPK13090042	C14341
LMPK12110248	C04024
LMPK12110847	C10192
LMPK12111229	C10072
LMPK12111109	C17056
LMPK12111640	C11576
LMPK12111791	C17140
LMPK12112436	C10108
LMPK12112086	C05623
LMPK12111685	C10178
LMPK12020178	C09736
LMPK12020230	C09650
LMPK12020239	C09646
LMPK12050384	C10471
LMPK12050417	C17957
LMPK12060007	C07593
LMPK12050475	C02675
LMPK15020007	C10462
LMPK15020008	C17495
LMPK15020009	C17496
LMPK15030012	C10809
LMPK04000011	C06634
LMPK13040006	C10315
LMPK12030013	C10233
LMPK12110468	C01470
LMPK12110244	C10110
LMPK12110043	C10047
LMPK12111231	C10119
LMPK12111443	C10190
LMPK12112194	C17563
LMPK12050224	C12625
LMPK12010293	C16370
LMPK12010160	C16372
LMPK04000016	C09981
LMPK12120396	C01592
LMPK04000021	C11968
LMPK04000041	C12154
LMPK05000006	C12176
LMPK13040012	C10382
LMPK13040013	C10384
LMPK12110002	C10084
LMPK12140366	C09732
LMPK13090010	C10266
LMPK12110940	C10079
LMPK12112589	C17059
LMPK12112283	C10194
LMPK12112292	C10120
LMPK12050219	C05376
LMPK12010449	C12647
LMPK12110189	C10028
LMPK12040006	C10182
LMPK13090032	C10247
LMPK13050002	C01907
LMPK13040011	C10379
LMPK13050005	C12433
LMPK12110004	C00389
LMPK12111977	C10602
LMPK12113151	C10189
LMPK12010112	C08629
LMPK12050499	C10204
LMPK12112310	C03897
LMPK13010002	C02657
LMPK10000003	C03686
LMPK10000006	C06800
LMPK13110002	C09016
LMPK12140439	C09831
LMPK13090034	C10254
LMPK12110560	C11580
LMPK12111397	C10078
LMPK12111622	C10036
LMPK12112139	C12638
LMPK12060020	C10506
LMPK12010282	C16315
LMPK12010421	C08643
LMPK13090006	C05901
LMPK13040007	C10316
LMPK12110001	C10107
LMPK12140214	C09827
LMPK12010417	C08729
LMPK12110799	C04293
LMPK12110373	C10020
LMPK12111174	C10104
LMPK12112308	C01155
LMPK12112179	C12639
LMPK12050054	C10527
LMPK12050480	C10530
LMPK12160024	C10491
LMPK12100063	C09931
LMPK13050001	C01661
LMPK07000006	C06626
LMPK04000028	C11987
LMPK04000029	C11988
LMPK05000002	C12891
LMPK06000003	C07909
LMPK12010004	C08716
LMPK12120038	C08573
LMPK12140414	C08600
LMPK12140136	C09828
LMPK12110188	C10029
LMPK12110606	C10188
LMPK12111641	C11581
LMPK12111167	C14472
LMPK12111249	C10032
LMPK12110659	C12630
LMPK12112309	C01156
LMPK12111865	C16981
LMPK12020209	C05909
LMPK12080026	C10540
LMPK13040015	C10401
LMPK13060001	C06686
LMPK04000023	C11976
LMPK04000030	C11989
LMPK12140164	C09752
LMPK12030012	C10231
LMPK13090004	C13632
LMPK13090025	C15066
LMPK13090036	C10256
LMPK12110824	C10038
LMPK12050326	C10203
LMPK12050477	C10416
LMPK12050081	C02920
LMPK12120283	C17445
LMPK06000001	C06572
LMPK04000027	C11986
LMPK04000031	C11990
LMPK10000004	C03944
LMPK07000005	C06624
LMPK12030004	C10238
LMPK12140571	C09833
LMPK12030005	C09731
LMPK12040007	C09763
LMPK12111227	C10033
LMPK12112516	C10115
LMPK12050102	C14314
LMPK12113075	C10027
LMPK12050500	C10415
LMPK12010233	C12141
LMPK12020002	C12127
LMPK12120469	C09978
LMPK13090013	C10276
LMPK12020004	C12136
LMPK12120294	C16417
LMPK12120516	C09754
LMPK12030007	C10222
LMPK13090014	C10285
LMPK12111100	C10024
LMPK12111474	C10191
LMPK12112860	C10068
LMPK12112991	C04581
LMPK12050069	C17765
LMPK12050089	C16188
LMPK12050229	C00814
LMPK12080012	C10421
LMPK12010445	C08728
LMPK15030066	C14750
LMPK12120452	C09618
LMPK12040009	C10018
LMPK14000008	C11612
LMPK12110006	C01514
LMPK12140001	C00509
LMPK12040005	C10179
LMPK12110159	C10601
LMPK12110356	C12627
LMPK12112982	C10031
LMPK12050157	C10518
LMPK12070128	C01263
LMPK12010140	C16369
LMPK12010150	C16373
LMPK12120511	C09644
LMPK04000012	C06653
LMPK04000032	C11991
LMPK05000008	C12247
LMPK07000002	C07225
LMPK12010003	C05904
LMPK04000017	C10606
LMPK12030002	C17639
LMPK12112861	C10180
LMPK12112983	C10122
LMPK12020233	C09641
LMPK12113194	C10050
LMPK12050053	C10522
LMPK12050287	C10498
LMPK12080048	C10495
LMPK12060019	C10417
LMPK12050055	C14313
LMPK12020232	C09505
LMPK12111159	C10058
LMPK05000007	C12246
LMPK10000005	C11278
LMPK12050000	C00799
LMPK12140065	C09616
LMPK12140599	C09479
LMPK12140302	C09734
LMPK12030001	C10221
LMPK13090019	C14622
LMPK12110158	C10594
LMPK12110097	C10043
LMPK12111250	C10186
LMPK12111666	C16490
LMPK12112688	C05902
LMPK12050188	C10542
LMPK12050327	C12134
LMPK12050383	C10467
LMPK12050463	C03567
LMPK12050502	C10457
LMPK12010292	C16301
LMPK12010005	C08727
LMPK13090030	C16014
LMPK13090040	C10271
LMPK15010001	C14550
LMPK13090043	C14685
LMPK12120517	C01604
LMPK12010006	C08726
LMPK04000037	C11996
LMPK04000042	C12753
LMPK07000009	C12011
LMPK12120545	C09471
LMPK12120039	C08648
LMPK12140499	C17446
LMPK12100001	C09158
LMPK13090020	C14662
LMPK12112994	C17788
LMPK12050361	C10201
LMPK12050501	C10419
LMPK12080025	C10526
LMPK12010393	C16296
LMPK12113150	C10185
LMPK13040010	C10360
LMPK12100002	C09275
LMPK13090012	C10275
LMPK13090022	C14739
LMPK13090029	C15457
LMPK12111653	C10044
LMPK12112754	C10117
LMPK12050056	C01562
LMPK12050419	C17958
LMPK12070011	C05230
LMPK12090018	C10205
LMPK12060023	C10512
LMPK12070109	C15511
LMPK13090005	C03582
LMPK12110035	C12123
LMPK12110166	C11325
LMPK05000001	C12796
LMPK04000014	C06912
LMPK06000004	C12155
LMPK14000005	C06770
LMPK13090017	C13706
LMPK12140276	C09724
LMPK13090031	C16604
LMPK13090038	C10268
LMPK12110337	C04858
LMPK12110490	C10109
LMPK12113234	C04527
LMPK12111095	C10023
LMPK12020036	C12128
LMPK12010009	C08246
LMPK12050218	C06563
LMPK12060027	C10537
LMPK12111468	C10112
LMPK12010428	C08646
LMPK04000015	C08031
LMPK04000022	C11975
LMPK05000005	C12044
LMPK13120002	C07580
LMPK13110003	C09049
LMPK12010001	C05908
LMPK12110005	C01477
LMPK12140003	C01709
LMPK13090009	C10264
LMPK12111282	C17787
LMPK12111494	C14953
LMPK12111577	C10177
LMPK12112624	C10176
LMPK12010162	C16299
LMPK12050461	C16228
LMPK12020013	C09735
LMPK05000003	C01848
LMPK04000010	C06633
LMPK04000013	C06838
LMPK12140061	C09762
LMPK12140490	C18024
LMPK12030011	C10228
LMPK13090016	C13702
LMPK13090027	C15268
LMPK12040002	C09761
LMPK12070004	C15509
LMPK12110190	C11621
LMPK12110500	C10102
LMPK12111160	C10184
LMPK12111164	C17784
LMPK12111566	C10041
LMPK12112482	C12633
LMPK12050083	C02495
LMPK12080014	C10515
LMPK12050163	C10420
LMPK12070124	C10422
LMPK12160040	C08974
LMPK12020035	C09320
LMPK14000007	C08057
LMPK12140237	C09099
LMPK12120243	C16404
LMPK12140275	C09319
LMPK12030003	C10209
LMPK12112311	C03898
LMPK12112498	C11620
LMPK12113009	C10030
LMPK12070062	C10531
LMPK12090012	C10529
LMPK13090024	C14763
LMPK05000004	C01849
LMPK04000040	C12153
LMPK10000001	C00961
LMPK13050003	C12429
LMPK12120271	C15525
LMPK12120468	C09829
LMPK12110488	C10026
LMPK12111018	C10046
LMPK12111228	C10040
LMPK12112731	C01265
LMPK12050173	C16192
LMPK12070050	C10502
LMPK12070149	C10200
LMPK12060047	C10535
LMPK12010095	C08647
LMPK12010345	C16351
LMPK12111423	C10183
LMPK15030001	C10770
LMPK10000002	C03683
LMPK07000001	C06973
LMPK12140002	C05631
LMPK12130053	C08722
LMPK12120021	C16978
LMPK12040001	C09758
LMPK13090015	C10287
LMPK12040004	C10057
LMPK12110636	C10103
LMPK12112546	C10022
LMPK12112762	C04444
LMPK12050039	C12125
LMPK12050286	C10486
LMPK12050328	C12135
LMPK12010027	C12645
LMPK12160036	C08993
LMPK12010424	C08575
LMPK12010188	C16292
LMPK15040002	C10759
LMPK15010007	C10785
LMPK04000002	C03240
LMPK06000002	C06573
LMPK07000007	C06627
LMPK14000003	C05086
LMPK12110003	C05903
LMPK12120098	C15531
LMPK12140620	C15118
LMPK12030010	C10227
LMPK12040008	C10017
LMPK13090026	C15131
LMPK12050265	C10520
LMPK12111170	C14985
LMPK12070051	C10508
LMPK12070127	C10198
LMPK12010315	C16354
LMPK15040003	C10794
LMPK12111447	C14476
LMPK04000001	C12039
LMPK04000019	C11960
LMPK04000020	C11967
LMPK04000007	C01946
LMPK12020003	C09727
LMPK12111030	C10187
LMPK12111663	C12626
LMPK12112986	C10118
LMPK12050385	C10534
LMPK12050101	C10536
LMPK13050004	C12430
LMPK13090018	C14233
LMPK13090028	C15296
LMPK04000036	C11995
LMPK12020001	C06562
LMPK12100003	C10414
LMPK12030008	C10223
LMPK12110336	C04608
LMPK12112304	C00616
LMPK12112998	C04552
LMPK12113198	C10051
LMPK12020160	C09970
LMPK12050037	C00858
LMPK12050201	C10511
LMPK12010021	C12644
LMPK12111552	C10037
LMPK15030026	C10802
LMPK12140034	C08719
LMPK04000003	C01375
LMPK04000006	C01912
LMPK04000025	C11984
LMPK12120487	C09975
LMPK12140187	C09939
LMPK13090011	C10273
LMPK13090033	C10253
LMPK13090041	C10281
LMPK12110218	C10195
LMPK12111442	C10111
LMPK12070072	C10461
LMPK12120573	C09774
LMPK12120096	C08650
LMPK12100004	C10504
LMPK13090021	C14679
LMPK13090023	C14740
LMPK12040003	C10048
LMPK12110873	C10193
LMPK12110738	C05990
LMPK12111451	C15109
LMPK12111858	C17600
LMPK12050479	C01590
LMPK12070129	C10424
LMPK12070130	C10539
LMPK12010138	C16289
LMPK12010294	C16367
LMPK13060002	C10101
LMPK12120264	C06561
LMPK12110217	C04199
LMPK12110219	C10196
LMPK12111029	C10019
LMPK12113001	C10116
LMPK12050244	C10519
LMPK12050353	C10521
LMPK12070126	C10516
LMPK12010113	C08639
LMPK12010277	C08641
LMPK12111639	C10049
LMPK04000009	C06616
LMPK07000008	C06654
LMPK13120003	C10784
LMPK13040017	C13526
LMPK12140624	C15019
LMPK12111158	C10609
LMPK12111361	C10097
LMPK12010018	C16305
LMPK12050458	C10418
LMPK12080050	C10202
LMPK12050020	C16222
LMPK12050162	C10513
LMPK12070114	C10206
LMPK12090046	C10541
LMPK15030011	C10800
LMPK07000004	C06571
LMPK13040005	C10314
LMPK12140075	C09614
LMPK12120111	C08578
LMPK12110098	C10121
LMPK12110563	C10098
LMPK12110912	C10106
LMPK12110644	C03515
LMPK12110663	C12632
LMPK12111652	C10045
LMPK12112990	C10021
LMPK12050493	C10207
LMPK12080013	C10425
LMPK12070028	C10503
LMPK12010278	C12138
LMPK13020001	C12048
LMPK12050082	C16226
LMPK06000005	C12156
LMPK13040003	C10307
LMPK13040016	C10404
LMPK12140452	C09806
LMPK12113231	C04109
LMPK12020203	C05906
LMPK12020227	C09757
LMPK12050038	C10208
LMPK12050251	C10510
LMPK12070020	C10514
LMPK12070123	C01701
LMPK12010333	C16303
LMPK14000004	C06689
LMPK04000018	C11959
LMPK04000026	C11985
LMPK13110001	C09010
LMPK12010002	C05905
LMPK12120274	C16405
LMPK12120467	C09759
LMPK12110292	C08064
LMPK12111329	C10113
LMPK12111473	C09982
LMPK12111503	C14942
LMPK12111508	C10035
LMPK12112041	C10073
LMPK12113149	C02806
LMPK12020046	C09617
LMPK12060024	C10532
LMPK12050372	C10533
LMPK13040002	C10294
LMPK04000038	C11999
LMPK04000024	C11983
LMPK04000033	C11992
LMPK04000035	C11994
LMPK13040009	C10345
LMPK13040014	C10392
LMPK12120397	C02922
LMPK12120428	C10721
LMPK12120525	C00774
LMPK12140018	C14290
LMPK12040010	C10034
LMPK13090035	C10255
LMPK12111163	C17785
LMPK12111654	C11577
LMPK12112517	C10105
LMPK12020084	C10217
LMPK12010158	C16350
LMPK04000039	C12045
LMPK13040004	C10311
LMPK12010115	C16306
LMPK12010447	C12641
LMPK12010030	C12642
LMPK12010031	C16368
LMPK12010032	C16297
LMPK12010042	C12640
LMPK12010110	C08604
LMPK12010135	C12643
LMPK12010280	C16307
LMPK12111744	C12635
LMPK12112105	C12668
LMPK12010157	C12096
LMPK12010299	C08653
LMPK12010304	C16294
LMPK12111554	C10042
LMPK12113403	C03951
LMPK13080001	C02868
LMPK13090001	C01745
LMPK13090003	C11591
LMPK13090002	C10288
LMPK13090007	C10245
LMPK13090008	C10250
LMPK13090039	C10269
LMPK12030006	C09972
LMPK12030009	C10225
LMPK12030015	C10239
LMPK12030014	C10234
